p1_uid,p2_uid
P0A832,P0A8M6
P33371,P32053
P20083,P0A6I9
P75829,P0A7V3
P0A7R9,P0A7Y8
P37195,P69407
P0A850,P0A800
P45468,P37440
P69407,P39838
P37747,P11868
P11880,P76339
P0A720,P0A7K2
P0AGJ5,P0AGK4
P0A817,P0AGD7
P0ABT2,P0A9P6
P0C018,P0A7Y8
P0A8D0,P00961
P60624,P0A9P6
P0AGK4,P0A7J7
P0A7M2,P0AGE0
P0A7G6,P0CG19
P0A6F5,P0AEM9
P04995,P0A7Y4
P0A7S3,P33224
P0AED9,P0A7V3
P0C018,P0AG24
P0AGJ5,P0A7Y8
P0A7L0,P33224
P0A894,P0A6F5
P0A9X1,P0A6F5
P0A6X3,P0A9M0
P0A7R5,P06612
P69346,P69348
P04951,P67430
P0A8V2,P0A7K2
P75728,P33230
P08400,P0AFJ5
P75829,P0A7K2
P0A8I5,P0A9P6
P0A9W0,P0A7K2
P0AAS7,P33224
P14081,P0AGJ5
P0AGJ5,P0A968
P60785,P15032
P60785,P0A6C5
P00582,P00490
P0A7R1,P21499
P67762,P37765
P02358,P0A8I5
P08622,P0A817
P68739,P0A6X3
P76594,P76539
P0A8I5,P00962
P0A7E9,P60422
P00490,P0A7Y4
P09348,P10408
P0AGB3,P0A7Z4
P0A7R1,P0AAS7
P0A972,P05055
P0AAH0,P0AES4
P0A853,P0A8N5
P0ADZ0,P08622
P0A7M6,P0A7Y8
P0A9W0,P0A6F5
P60624,P0A9Y6
P0ABT2,P67910
P0A7S9,P0A8M3
P0A707,P02358
P0AGE0,P0ACF0
P0A8N3,Q46802
P0ADZ0,P0A9Y6
P36979,P0AGK4
P0C054,P0A817
P77329,P0AAM3
P0A968,P77308
P0AAS7,P08622
P0A972,P37765
P0A715,P0AG48
P45523,P10378
P0A6X3,P0A799
P0A9Y6,P37634
P37908,P0A8L1
P0AAH0,P0CG19
P0AG99,P0AGA2
P22523,P60422
P0ACG8,P75954
P75863,P38038
P67910,P76503
P0AEG4,P75978
P62617,P0A7R5
P32177,P0A8N5
P0A7J0,P39830
P0A7T7,P05055
P0AF26,P15034
P39286,P0A7K2
P0A968,P0A6J8
P14081,P0AG48
P0A7Z4,P0AG59
P23830,P0A7V8
P0A7K2,P0AEN8
P0A812,P0AG30
P0AG67,P0ABH9
P0A7R1,P0A9M0
P0A9W0,P0A7S3
P0AGJ2,P0AG24
P02358,P0A8G0
P0AA43,P0A7V8
P76069,P43672
P77333,P76558
P21645,P60723
P0A809,P21893
P0A8I5,P60723
P0ADZ0,P0A7Z4
P0AGA2,P10408
P0A7L0,P21499
P0A707,P0A7T7
P0A847,P0AG48
P0A968,P68679
P0A7L0,P60723
P07004,P16676
P0A7K6,P0A9X9
P0ABH9,P0A6Q6
P02358,P0A9Y6
P21513,P21499
P63389,P0AFG3
P0A7S9,P75829
P30958,P0AAD8
P0A9Z1,P0AF90
P0AF90,P37773
P21513,P0A9P6
P0AA04,P0AC86
P39286,P71241
P30750,P03018
P77399,P04825
P22939,P33221
P06722,P23367
P0AEM0,Q46861
P0ADZ0,P0A7E9
P62399,P0A6Q6
P0A9H7,P0ACD4
P0AGJ5,P68679
P76552,P17169
P05041,P39286
P0ADZ0,P60723
P15877,Q46925
P36560,P0A6P1
P0A6R3,P0ACF4
P0A6Y5,P33593
P0A6M8,P39286
P15032,P0AE18
P0AES4,P0A817
P23830,P0A7V3
P0A7L0,P0A9Y6
P0A7K2,P0AFP2
P75767,P0AEW6
P14294,P0A7K6
P77625,P36659
P69407,P38134
P33934,P0AAZ4
P0ACF4,P0AFY8
P0A9M0,P0A7V3
P76578,P0A7K2
P32704,P0AAT6
P60624,P14081
P0ABQ4,P80645
P28629,P60422
P0A8N3,P39346
P0CE48,P0A6P1
P77169,P0A8N5
P60624,P0AGE0
P67910,P0CG19
P46889,P0A9A6
P0A7M2,P69407
P0A8G0,P0AG48
P76104,P0A7L3
P21499,P0A9P6
P0AGE0,P69908
P0A8A0,P50457
P0A910,P0A850
P0A9P6,P43329
P02930,P0AE06
P0C018,P0ACN4
P10441,P0CE48
P0A9X4,P0C058
P0A832,P0AES4
P0A9P6,P0AG59
P06136,P0AEN4
P0A7U7,P0A8G0
P0ABH9,P0AG30
P10443,P0AG67
P69913,P0A6X3
P0A7X3,P0A9P6
P0A8G0,P77172
P0ACD4,P11557
P0A832,P0ACF4
P0A780,P0A7R5
P0AE06,P31224
P69425,P69423
P0A776,P0AA10
P36979,P0AG67
P0ADY7,P0A9P6
P31806,P0A8G0
P0A8E5,P33937
P0A8V2,P0ACF0
P0A6X3,P60422
P00579,P0A9B2
P14081,P02413
P75791,P10408
P0ABT2,P0AEU7
P07118,P75767
P0A8I5,P0A7V3
P0A968,P0A7L0
P03018,P23367
P0A6X3,P75864
P0ACF0,P21499
P0A7D4,P0AF67
P25522,P0A6U3
P67910,P33225
P14081,P68919
P0A6A0,P0ACJ8
P0A7V3,P0A6Q6
P0A7T3,P0A7Y8
P0A7S9,P60723
P0A7M2,P0A847
P0ADZ4,P0A7Z4
P0AAZ4,P0A7K2
P02358,P33224
P0A9P6,P0A847
P0A8E5,P0A6X3
P24255,P0AA10
P0A9M0,P0AA10
P25522,P75786
P0A7M2,P76594
P02930,P75830
P0A6Y5,P0AEC3
P13458,P0A9R7
P0AE67,P07363
P0ACF0,P0A9P6
P0A6U5,P31224
P15038,P0A799
P17888,P0A7Y4
P60723,P0AA10
P67910,P16528
P0A7D7,P06961
P0AEG4,P07018
P0ADZ0,P21499
P24255,P69797
P0AGE0,P0A7K2
P0A8N3,P0A8N5
P0A800,P30139
P0AGE0,P0A6A0
P0A6X3,P0A9P6
P0AGE0,P0A7K6
P0A6M8,P0A9A6
P0A972,P0AD01
P60624,P0A715
P0AAT6,P60723
P0A9X4,P36979
P0A800,P0A7Z4
P0A7R1,P76104
P0A7Y8,P0A7K2
P0ABH9,P0AGD7
P0AF67,P0A7K2
P0A8G0,P0A8F8
P0A7S9,P0AGJ5
P77293,P77399
P0A763,P0AC28
P0A968,P0AG30
P0A890,P0A9B2
P21499,P0A7V3
P0A8J8,P0A7J7
P0A6I6,P22188
P0A7T7,P0ADH5
P07395,P0AG90
P69407,P33231
P60723,P0AG30
P0A8G0,P0AA10
P60716,P17952
P0A715,P67910
P0A8V2,P0AFF6
P75782,P0AC28
P07395,P32715
P0A9W0,P0A7U7
P43329,P37765
P0A7K2,P03004
P0A832,P0AES6
P0A8V2,P0AG30
P0ABT2,P0ADZ0
P0A7Y8,P0AG59
P0AEE8,P13035
P0AGK4,P60723
P0A6F5,P0A6F9
P0AGE0,P60723
P0A7U7,P0A8J8
P0A8A4,P33643
P0A850,P0AAM3
P0A9W0,P0A7L0
P77561,P77704
P14081,P0A7K2
P33128,P0A6P1
P75966,P0ADK8
P0A8E5,P05055
P0A705,P0AFF6
P0ABG4,P0AD68
P0A6X3,P0A972
P39099,P0A749
P0A7M2,P21893
P0AEM9,P75767
P0AES6,P20083
P0A7W7,P0A9P6
P36979,P0A7V3
P0A6F5,P0AC28
P21513,P0AG48
P0A6H1,P0A817
P0A7T3,P36979
P30750,P16433
P0A9A6,P22333
P0A7U7,P76594
P0ABS8,P0A7K2
P31119,P10408
P0A6R3,P30139
P14294,P21893
P76128,P0A6J8
P0A7G6,P0A817
P0A8P8,P0A6A8
P77488,P0AAH0
P23482,P22188
P27836,P0A7Z4
P0A7R5,P37765
P0AG11,P04152
P0A9W0,P0A7K6
P0AAT6,P76015
P60624,P75829
P0ADY3,P03004
P0A6Z3,P75862
P0A7M2,P0A8E5
P0A7D7,P0A6F5
P28224,P0ACG8
P0A6X3,P0ACF4
P0A6F5,P0A9R7
P23830,P0A7K2
P39328,P17952
P39199,P0A7R5
P68739,P00914
P0A6H1,P0AFZ3
P28629,P0C0R7
P0A6C1,P0A9M0
P0A7M2,P0A6X3
P0A8N5,P0A8G6
P0A832,P00490
P0AGE0,P17888
P0ABH9,P16918
P07004,P0AFT5
P0A8V2,P0A7R5
P76594,P0AG59
P68183,P02916
P33593,P0A6F5
P23869,P16918
P0A9X1,P0A7K2
P52052,P0A6Z3
P0A953,P0A6A8
P0AF67,P09373
P11875,P0A8A0
P60785,P33025
P0ACF0,P00490
P36979,P33021
P12996,P10408
P0AGJ5,P0A9P6
P60624,P0A968
P0A707,P68679
P24182,P45768
P07004,Q46840
P0A7C2,P0A7G6
P62399,P37765
P0ACB0,P03004
P0A8J8,P0AG48
P0AGJ5,P0A7T3
P0AFG0,P0A7K2
P36979,P05055
P0AGJ5,P0A847
P0A9P6,P0A776
P76594,P0AA10
P69786,P69783
P32177,P0A6B7
P0ABD8,P15038
P0AAH0,P0A9X4
P03004,P0CE48
P0A715,P60723
P36979,P0A7R5
P0A715,P0A7V3
P0A8G0,P0A7S3
P0AGE0,P24230
P08312,P0AD99
P0AAS7,P37634
P0AG24,P0AG48
P23845,P0A8H8
P0C054,P06993
P02930,P31224
P03004,P0AG59
P37765,P37634
P0A722,Q46920
P0A8E5,P0A7V8
P02358,P0A8E5
P0AG48,P33224
P0A9P6,P68679
P0C058,P22333
P0A707,P0A7J7
P0A7D7,P31463
P0AES4,P0AF03
P36659,P0A7V3
P0A8E5,P77398
P0AF90,P60560
P77717,P0AFG6
P75838,P32721
P67910,P39177
P0A968,P0A7V8
P21513,P60723
P18843,P03004
P60723,P05055
P37349,P76558
P0A7K6,P0ACN4
P68739,P0A6F5
P0A8G0,P0A7L0
P0AGE0,P00490
P31063,P0AG07
P0A7U7,P0A799
P0A8J8,P0A7V8
P0A6R3,P03018
P0A7M2,P0A738
P77488,P0A7G6
P0AG44,P0A776
P0AED9,P0AA10
P0A6H1,P63284
P30750,Q57083
P33666,P17443
P0A7V8,P0AFF6
P58034,P29131
P0A7J3,P0AGD7
P30871,P0AAS7
P69405,P16429
P0A968,P0AAG0
P37662,P0A8N5
P10443,P22106
P68183,P68187
P60624,P0AAS7
P0AAE5,P21645
P15288,P15034
P0A8L1,P33030
P0A8G0,P0A7W7
P0AF06,P09348
P0A6F5,P39286
P0AG55,P36979
P0A991,P0A6F5
P0AGE0,P0A7Z4
P00582,P43329
P0ABM1,P0ABM5
P0A7V8,P0A8T7
P0A910,P37095
P0AES6,P0AES4
P0A7V3,P37765
P0A7Z4,P0ACF4
P0C054,P0A8M3
P0A7K6,P0A738
P60624,P76104
P0A7E9,P0C0V0
P0ABS8,P77395
P0A7L0,P05055
P76594,P0A6F5
P0A7H0,P0A8L1
P33937,P31663
P0AAS7,P0ADK8
P0ABG4,P0AEN4
P0AFP2,P55135
P0ABR1,P0A7G6
P36979,P0AA10
P0ADZ4,P0ACN4
P0A832,P10408
P0AEZ3,P10408
P21499,P0AA10
P0A9X4,P0AEZ3
P75838,P0A7M6
P0A6Z3,P0A6L9
P30750,P23842
P0AES6,P0A817
P0AGK4,P0A7E9
P36659,P0AG30
P02358,P0A9X4
P0ADH5,P0A7V3
P28629,P0AFP6
P0A9X4,P33599
P0AFN2,P0AFM6
P36979,P0ACP1
P58034,P06136
P0AGG4,P25524
P0ABT2,P0A7R5
P69853,P77783
P0AGK4,P0AEM0
P0AED0,P0AFF6
P14081,P21499
P0A7M2,P75829
P0AG55,P0A9P6
P16700,P37349
P0AEU7,P0AG48
P21645,P0AG48
P0C0R7,P0AGD7
P0A9M0,P0AG86
P15042,P15032
P0A9K9,P50465
P0AG55,P00960
P0ACC9,P0A8M3
P0A6F5,P0A8M3
P0A7T3,P36659
P0A9W0,P75742
P0A7W7,P0A7Y8
P0A832,P0AA10
P0AAH0,P08622
P00582,P0ACF0
P0AES4,P0A7G6
P36979,P0A7L0
P0A7V8,P0A6Q6
P30871,P37765
P14081,P0A7L3
P0ACF4,P0A847
P68739,P0ACF4
P75990,P0A7K2
P0A7M2,P37765
P39453,P33226
P21499,P0AG59
P37765,P0A9X9
P0AG59,P33224
P17169,P76093
P17443,P76586
P0A8J8,P0AA10
P23830,P0A7Z4
P0A8E5,P0AG48
P76172,P25539
P76092,P15082
P75829,P60723
P0ADZ0,P0A9I5
P08622,P00960
P0A9W0,P03030
P0A7K6,P0A9Y6
P30844,P75767
P0ACF0,P0AG24
P36659,P60422
P0C018,P22523
P68739,P0A7K6
P0A9X4,P06993
P37623,P0A7A9
P0AGJ5,P0ADY7
P75829,P0A7K6
P0AF90,P0A6W9
P0ADZ0,P0ACB0
P08622,P0AG30
P76543,P77319
P0AGK4,P0A6A8
P0A8V2,P0A800
P77704,P0A7K2
P09832,P09831
P0A796,P12281
P21499,P0ADY7
P0A9Q5,P0ABD5
P0AES4,P0AFI2
P0A7S9,P0A968
P0ADZ0,P0AFG0
P0A7U7,P0A968
P36979,P0AEH5
P69407,P63204
P0A964,P07363
P0A7X3,P0AG24
P0ABH7,P36995
P0A7T7,P0A6Q3
P69910,P36879
P0AFG0,P0A9P6
P0ABT2,P29745
P0A7S9,P0A776
P03018,P00490
P0A7K6,P0AFF6
P36979,P0ACF0
P75697,P0AG86
P68187,P06993
P0A7V8,P36659
P0ADZ0,P0C018
P0A7V8,P0A776
P43329,P0A9Y6
P0ADZ4,P0A7Y8
P0A707,P02413
P03007,P0ABS8
P0ACF0,P0ACF8
P0A972,P36995
P0A7T7,P0A7Y8
P00490,P0AG48
P30864,P0A6J8
P0ABH0,P0AD68
P04951,P32681
P0A9P6,P37765
P0AGB3,P28304
P0A7T7,P21499
P0A6R0,P0A6A8
P0A7W7,P16528
P0A8L7,P60785
P0ACD4,P0A6B7
P0A8G0,P60422
P0ABQ4,P46130
P0A8Z0,P0A6I6
P0A9W3,P77395
P02358,P0ADH5
P36979,P06996
P05055,P0AA10
P0A7T7,P0AGJ5
P60390,P0A7R5
P0AAS7,P0ACF0
P36979,P0AG24
P0C054,P39177
P0A8T1,P0A7J7
P0A968,P0A9Y6
P22523,P0AA10
P0A832,P33224
P0AEF0,P0ACB0
P03018,P0ABH9
P0ACF0,P0A9Y6
P0AEV1,P13445
P75864,P0A9X9
P0A707,P0A7X3
P60240,P0A7Z4
P03007,P0CE48
P02413,P76594
P75825,P0A9P6
P0ABS8,P06612
P62399,P36659
P37095,P0A7C6
P0AEY8,P0AGG4
P0AAR3,P16918
P0AGE0,P0A9M0
P21513,P0A7K2
P05704,P0AG07
P0AEM0,P06864
P0A9X4,P0AEI1
P33232,P00960
P0A7W7,P21499
P0A7V8,P33594
P00582,P0CE48
P31806,P15005
P0AAH0,P25437
P0A7Y8,P68679
P0A7R1,P37765
P0A6Z1,P0A7J3
P0ACD4,P0ADF6
P28861,P0A9R4
P0A9P6,P0A9Y6
P0ACJ8,P00579
P0A7T3,P0AEM0
P0ADW6,P05050
P0A6F5,P30140
P0A6X3,P0A9X9
P06709,P0AG48
P0AEG4,P0A6M2
P0ABM1,P69490
P0AG30,P10408
P0AGE0,P15043
P0A6M8,P17802
P00861,P0AE88
P0A7Y8,P60422
P0AED9,P0AG59
P08622,P0AES4
P0A9K9,P0AAN3
P0A7J0,P0AEC3
P0AG99,P10408
P0A850,P0A6Q3
P08622,P06993
P0A6X3,P0A7K2
P68739,P0AG59
P0AEM9,P51024
P37765,P0AG59
P0A7V8,P0AG24
P0A9X4,P06996
P0A972,P0AG30
P68739,P0A7K2
P0AEN4,P0A6S5
P0ABG4,P29131
P0A7Y8,P0AA10
P0A7K2,P0A890
P69910,P69908
P04993,P07648
P0A9P6,P0AG48
P0A7K2,P42641
P30855,P0ACZ4
P02358,P0A799
P0A7M2,P00960
P0A8V2,P24255
P0AFG0,P60422
P61949,P33224
P0AGJ5,P0A8I5
P0ACF4,P0A6A8
P36979,P0ABH9
P0ABQ4,P31474
P0A6A8,P0AG40
P77279,P0A6F5
P0A7Y4,P0A7V3
P0C054,P0C058
P22939,P77609
P0A7U7,P0AGJ5
P30745,P0A6F5
P0A6J8,P0AD68
P0A812,P0A6F5
P0A6X3,P0A7V8
P0AGJ5,P0A7W7
P21513,P05055
P0A8E5,P60422
P0AAS7,P05055
P0A7T3,P0AG24
P0AGJ5,P0ADZ4
P0AG67,P0A776
P68739,P0AAI3
P61949,P0ABH9
P08957,P12295
P0A800,P00579
P0A9Y6,P0AG30
P0A9P6,P21507
P08622,P03004
P0AFG0,P0A7Z4
P0A6X3,P0AEU7
P28635,P75885
P60624,P0ABT2
P14294,P60723
P23830,P21645
Q47536,P43672
P0AAM3,P24192
P0AGJ5,P0A7V8
P0AGE0,P0AGJ5
P37678,Q93K97
P0AEG4,P77409
P0A7A7,P0A6A8
P75829,P67910
P00956,P39336
P0A8V2,P10408
P21599,P0A850
P08390,P0A8T7
P0A7S9,P0A9Y6
P0A858,P0A7Z4
P0ACD4,P0A6Z1
P67910,P0A6F9
P0A7T3,P21513
P30011,P0A6U5
P0C079,P0C077
P0AES4,P22333
P02413,P0A6A8
P0A8N5,P69910
P0A707,P0AEB2
P0A6Q6,P60422
P0AEK2,P0A6A8
P0A968,P0AEU7
P69428,P69423
P0A8E5,P0AG67
P0A7V8,P0A7Z4
P60624,P0A7Z4
P0ABH9,P0AG59
P0ADM6,P00582
P76049,P0A7I0
P0AAS7,P0AA10
P05042,P33371
P0ADZ0,P0A7V3
P08373,P17952
P24177,P0AG40
P0A8N5,P63284
P0A7N9,P0A7Z4
P52095,P0A9H3
P0A8J8,P0A7U3
P0ADR8,P0ABS5
P76398,P0AE18
P33232,P25531
P0A7E9,P0ABH9
P0A705,P00634
P60240,Q47153
P0AAH0,P0C054
P0C018,P0A9Y6
P0A9P6,P0A7J7
P0ABD5,P0A9Y6
P76594,P0ADY7
P02358,P37765
P0A6X3,P0AG30
P0A972,P0A9Y6
P0AG55,P37765
P0A8V2,P0A9B2
P0A8G0,P0AFG3
P43329,P0AG67
P0A9M8,P39332
P0A8A8,P0A8H6
P0ACB0,P0ABS5
P39286,P76069
P0A8G0,P0AGK4
P0A7V8,P37765
P21645,P0A7V3
P0A7Y0,P30850
P0A850,P0AG67
P68919,P0A8N5
P77788,P03813
P0A7L0,P0A7E9
P77488,P0ABH9
P0AGJ5,P0A7L3
P0A7U7,P0A707
P60560,P76015
P0A8V2,P0A7Z4
P0AFF6,P0A7V3
P0AGE0,P0A7V8
P0A9M0,P0AGD7
P08312,P07395
P02358,P21513
P0A6L9,P45428
P0A8N5,P0A6P9
P77658,P0A9R7
P20083,Q46889
P11071,P08200
P37344,P0AFM6
P29745,P0A7C6
P75829,P21507
P76037,P0AEM0
P0AA43,P0A7R5
P37765,P0AA10
P14294,P0AG48
P0A9C3,P0AC28
P45748,P00946
P0ADH5,P0AA10
P16433,P45464
P0A8E5,P0ABH7
P22939,P76555
P60723,P0A776
P68739,P36767
P02358,P0AGJ5
P0AEN8,P0AA10
P0A6X3,P21513
P0A7T3,P0A6X3
P0A9X4,P0A9A6
P0AC55,P0AFB5
P0ABB4,P0A9X4
P0AGE0,P0A9K9
P0A7S9,P0A7Y8
P0AES4,P0A8H8
P06993,P23872
P0ADZ0,P02413
P0A8E5,P14175
P0A9W0,P0ACF4
P60240,P0A8T7
P0AES0,P0AG30
P31806,P22186
P77374,P07012
P15038,P09373
P68066,P0A9K9
P67910,P33224
P0AEH1,P22188
P16528,P0AA10
P0AGJ5,P0A9Y6
P31667,P0A7I0
P0A7L0,P0AFP2
P21645,P67910
P0A796,P37440
P15042,P77212
P0A8G0,P0A7L3
P0A7K2,P0AG24
P36979,P21499
P0A9A6,P10408
P0A7Y8,P0ABH9
P63177,P0AA10
P0A8T7,P60422
P39301,P07012
P08622,P17169
P69407,P75882
P0A7T3,P22523
P0A7M2,P26602
P00956,P0CE48
P0ACE0,P0A7R5
P0A6F5,P39177
P0A761,P06709
P75905,P0A9H3
P06993,P0CE48
P0A847,P37765
P0A7R5,P0A9Y6
P76594,P0AG44
P09424,P23847
P0AG55,P75829
P0A7Z4,P0AG30
P0AG55,P60723
P0A7H0,Q47706
P0A8Z3,P0A6A8
P36767,P0ACF4
Q46833,P0A7I0
P0A6G7,P0C0V0
P21513,P0A7L0
P0A850,P0A7M6
P0AG86,P10408
P76213,P0A6F5
P28629,P0AFG3
P21499,P0A7X3
P0A894,P0AG59
P0A8V2,P13445
P75959,P07012
P0A9X4,P05055
P0AFG0,P23830
P21645,P0A6A8
P0A7T7,P37765
P02918,P45464
P13458,P0ABH9
P69741,P0AAN1
P36979,P0A7L8
P0A6G7,P0ABH9
P33361,P0ABE2
P0ACF0,P0A9X9
P33937,P0AG59
P0A7Z4,P06612
P37188,P0A9X4
P0A7J3,P0AFP2
P03007,P0AGE0
P0A9Y6,P33224
P0A9X4,P00452
P0AES6,P0A7I4
P0A8E5,P39177
P69432,P25522
P0AGJ5,P0C018
P77791,P0AE18
P0A7H0,P0A6F5
P15038,P0A9B2
P0AGK4,P00490
P21513,P21507
P0AGJ5,P0A6X3
P36979,P0A7V8
P0AFH0,P0A6F5
P33348,P0AAT6
P76594,P0ACF4
P00956,P0A7B1
P02358,P75829
P0A8N5,P0A9B2
P0A7R1,P0A6X3
P0A7Y4,P60422
P0AG96,P0AGA2
P15038,P0A7K2
P0A6X3,P0A7L0
P31806,P0AF67
P0A7M2,P0AFG0
P0A8B5,P0AB52
P07004,P0A6J8
P0AAH0,P06993
P36979,P60723
P0A7L0,P16528
P0AC69,P0ABE2
P0A8H6,P37634
P0A9W0,P0A7M2
P14081,P37765
P0AEL8,P0AED5
P0A7L0,P00490
P06611,P06609
P77627,P39286
P02413,P21645
P77329,P0A6Z3
P0A799,P0AG59
P0A722,P0A7J0
P0AED0,P0A7E9
P0ADH5,P0AG48
P69828,P0A7E9
P21645,P37765
P21513,P37765
P0A707,P0AGJ5
P46889,P06136
P0A6P9,P0A799
P06974,P75849
P0A7S3,P76086
P0AAS7,P0AG48
P77488,P0AG30
P21513,P0A7V3
P0A7R9,P0AGJ5
P0A707,P0ACF4
P0A7K2,P75874
P14294,P45544
P0A8G0,P0A7V8
P0A7E9,P0A7V3
P0A8A0,P0AET5
P0A8N5,P68066
P0A8B5,P77377
P14081,P36979
P52126,P0A9B2
P0AAS7,P21499
P0A9X4,P0A817
P37024,P0A7K2
P0A6Z1,P36659
P0A6F5,P0A7E1
P04993,P0AG40
P00579,P0AG67
P13445,P69797
P60723,P76316
P0A8E5,P0AG44
P76104,P0AG59
P60240,P0AFF6
P0A7T3,P0AA43
P0AAE2,P0A9L3
P0A9W0,P0A7V3
P0A8N5,P0A799
P16456,P0AG07
P23830,P37765
P0A6Q3,P60422
P0A850,P0A6F9
P0A9W0,P67660
P68739,P50465
P25714,P06136
P06136,P0AD68
P0A7L0,P00579
P0A7K2,P0A7J3
P06616,P0CE48
P31473,P18956
P0AGK4,P33224
P0AF90,P33224
P0A7Y8,P0AG48
P62623,P0A7D1
P37095,P00579
P0A6B7,P0A890
P0AAS7,P21513
P0A7S9,P0A9P6
P0AAS7,P0AG67
P0A707,P60723
P0AEM0,P0AG59
P0A7Z4,P0AFF6
P0ADZ0,P0A7N9
P0A972,P21499
P0A7M2,P0ADK8
P0ABH9,P14175
P75966,P37765
P15038,P0A858
P0AG44,P75829
P08622,P39177
P0ABT2,P0A8N5
P0C018,P0ABH9
P33129,P0A6M8
P0A7Y8,P75864
P0ADU5,P76170
P68739,P02358
P0AGE0,P06612
P69786,P50456
P0A7U7,P68066
Q47536,P69931
P0A8G0,P0A7U3
P0A8N5,P0A8L1
P0A7U7,P0AED9
P23909,P23367
P0A8N3,P12995
P0A9Y6,P0AG59
P22523,P0AFI2
P60723,P36659
P22564,P11880
P0ABU9,P19934
P0A9X4,P08622
P03004,P60422
P15038,P0AG67
P0A8N5,P76185
P0AG67,P0A9Y6
P45475,P45527
P0AAS7,P0A9P6
P0A7U7,P0A9P6
P0AF90,P45539
P32176,P13024
P0A7L0,P0A776
P21507,P0AG24
P0A7Z4,P60422
P37655,P69407
P0AFB8,P0AFB5
P0AEY3,P0AEH5
P0A7T3,P0ADH5
P69441,P77806
P75864,P37765
P28635,P0AAF3
P0A9X4,P0C054
P0A8D0,P0A7K2
P0A8E5,P0AG59
P0ADY7,P0A7Z4
P0A8J8,P05055
P0A6Z6,P0A7K2
P0A847,P0AA10
P68919,P0A776
P36659,P0A9P6
P0A7K2,P0AED5
P03018,P43671
P0A7M2,P00579
P0AGE0,P0AFI2
P0AEM9,P64581
P08401,P0AC81
P0ACJ8,P0A7Z4
P0A8N3,P39315
P06612,P0A7Y4
P0ADQ2,P52138
P75838,P39177
P0ABM9,Q46906
P0ADY7,P0A776
P25522,P0A8Y5
P46889,P75767
P0AG67,P37765
P0A8V2,P0A8T7
P30750,P71237
P39177,P10408
P0A6X3,P08622
P28629,P77187
P0ADZ0,P0A7J3
P0A8N3,P0AAM3
P0C054,P68187
P0A832,P0AG59
P0AGK4,P0AG48
P0A832,P0ABH9
P21645,P0AG30
P46837,P0A749
P0ADY3,P60723
P0AG48,P76503
P00957,P37765
P0AAS7,P0A8H6
P17952,P76175
P14294,P0A7Y4
P29745,P0A858
P0A972,P60723
P0A7Z4,P21889
P0AAS7,P0A7L3
P27300,P08142
P0A8I5,P0A7V8
P36979,P75864
P77488,P0CE48
P76594,P0AAM3
P0AFG0,P0A800
P60723,P37765
P0A707,P0A7V8
P0A7L8,P0A7Z4
P0A9W0,P0A7V8
P0A7L0,P0AED9
P0A6F5,P25539
P36979,P43329
P25534,P67910
P30871,P0A9P6
P0C018,P0A776
P0A7Z4,P00579
P69853,P18775
P0A972,P0A7R5
P02413,P0ACB0
P0A7K2,P39177
P0A6F5,P04825
P39398,P0C054
P0A812,P08622
P02358,P0ABH9
P0A6H1,P0A6L9
P0A832,P22525
P0A9X4,P0A7Z4
P0AGK4,P21893
P0AAH0,P0C058
P24188,P0A7K2
P0AFI0,P0A7J0
P0AG44,P0AG24
P51020,P77580
P21893,P03024
P00550,P0A6G7
P0A715,P62399
P36979,P0A6K1
P77488,Q46942
P0A7Z4,P0AG48
P0AF67,P0A890
P0AGK4,P0A7Y4
P0C8J8,P10408
P60723,P0A9Y6
P0A707,P0AGK4
P0A8T1,P25718
P05055,P0A9Y6
P39277,P37349
P0A972,P10408
P0A8N3,P16916
P00956,P02925
P23869,P37659
P75829,P0ACF4
P0A8A2,P76069
P02358,P0A7Y8
P0A8I5,P0AA10
P0A9H9,P0A9B2
P0A6X3,P0A6P9
P14081,P0A7L0
P0A832,P0AG67
P06612,P0AA10
P0AFG0,P0AG59
P0A832,P0AG55
P69407,P0A7V8
P24178,P30958
P0A7V8,P05055
P0A7K6,P00579
P36979,P60422
P0C018,P0A9X9
P0AGJ5,P36979
P0A7U7,P03004
P0A968,P0A8A4
P0A7R5,P0A9X9
P0A7V0,P0A7W1
P0A9J8,P0A7I0
P69407,P52097
P06612,P0A8T7
P60624,P0AG24
P11880,P62066
P0ADZ4,P21499
P75829,P21499
P0A7M2,P0A776
P0A7U3,P05055
P0A7U3,P0A9P6
P0A705,P08622
P0A7K6,P33224
P0A817,P10408
P0AAS7,P75864
P21513,P0AA10
P0A6F5,P33224
P76578,P0A7R5
P64467,P0ACF8
P0AER0,P0A9L3
P76245,P07813
P0A7W7,P0A6A8
P0A7L3,P0A847
P62620,P0A9A6
P0A9X1,P0A7N9
P0AFW8,P0AG30
P0A7Z4,P0A9Y6
P08192,P77783
P0ACF0,P0A776
P04335,P69783
P45465,P0ACF4
P00579,P0AG48
P08312,P39176
P60723,P0ABH9
P62399,P0A776
P0A7V8,P0A9P6
P0A8G0,P0AFG6
P0AGK4,P0A7L3
P0C018,P0A9P6
P0A8E5,P0A9K9
P0A7Z4,P0A7V3
P0A6Q3,P0A7L0
P77756,P33224
P15038,P69910
P32053,P0A8H6
P0A800,P0AFF6
P0ACF4,P0ACF8
P15038,P0A6F5
P45527,P0CE48
P76104,P0A7L0
P0A6F5,P0AEY3
P0A707,P60422
P0A9X4,P62399
P0A6F5,P52126
P0A6F5,P0AC81
P0ABD8,P25539
P0A8I5,P75864
P16926,P15042
P0ADZ0,P0A8Z3
P77432,P45523
P0A707,P0A7R9
P0AAS7,P0A7K6
P0A7L0,P0A9P6
P30750,P05791
P0AFG0,P0A8V2
P0A8T1,P36554
P0AAF6,P0A7B1
P09373,P06961
P0A832,P0AGJ5
P0A972,P43329
P0A968,P0AG67
P0AFG3,P75849
P07024,P31663
P75990,P68066
P77319,P0AED5
P14081,P0AG67
P0A6P9,P0ADI0
P29745,P0A8H6
P36979,P0ADK8
P0A6H1,P0A6G7
P0AES6,P36979
P21645,P0AF76
P0AEG6,P36655
P0A7R9,P0A8E5
P80645,P69407
P0A8F8,P0ACF8
P0AAR3,P76042
P0A7T3,P21499
P0ACD4,P07004
P0A9Q5,P25539
P0AFG0,P08622
P0ADQ2,P0A7K2
P0AE14,P33371
P0A9D4,P0ABK5
P77215,P69407
P0C0R7,P0A9M0
P02413,P0A6X3
P0A7R1,P14081
P36979,P0AEU7
P36979,P0A6M8
P0A9P6,P0A6A8
P0AG48,P0ACN4
P0AGJ5,P21499
P0A7S9,P0A715
P17888,P07013
P0A7G6,P0A9A6
P15877,P0A8N3
P0A8V2,P68679
P21165,P33643
P75829,P0CE48
P21513,P0A799
P0AEG4,P21179
P0A7Z4,P0A9B2
P0A7Y8,P0A7V3
P77499,P0A9P6
P0AG24,P0A6A8
P0A7R1,P0ABH9
P0AAH0,P0A9A6
P0AAF6,P0AAC6
P15254,P0ABH9
P52137,P0A9R7
P23874,P75989
P0A7K6,P0A847
P76577,P25539
P0AEG4,P25516
P0AE18,P07813
P0AAB6,P0AEP3
P0ACS5,P75959
P0A7S9,P76594
P0A6H1,P0A9X4
P68919,P0ADZ0
P61316,P65292
P0ADY7,P0A8T7
P21893,P06612
P0A6X3,P0A7V3
P0A7S9,P0A6X3
P00946,P75864
P0ACN7,P0ACJ8
P37188,P0C054
P60723,P62399
P0AAE8,P0A7E9
P21499,P60422
P21507,P0A776
P69853,P33225
P0A978,P26612
P76316,P0AFG6
P0ACE0,P0AG59
P17169,P00957
P0A8E5,P0AA10
P0A715,P0AG59
P23830,P0A8I5
P0A7T7,P36979
P0A832,P0A7I4
P10441,P60932
P0A7S9,P37765
P08622,P0A9Y6
P0A7U7,P0A7Z4
P0A7K6,P0AG24
P21507,P06612
P0A7Y8,P0AG67
P22523,P0A6A8
P58034,P0AEN4
P0AGK4,P37765
P0A7L0,P76316
P31120,P0C0S1
P60723,P0A7R5
P68739,P0A7Z4
P0AEM0,P0AG67
P14081,P23721
P0A910,P0AEU7
P02413,P36979
P0A6X3,P0A7Z4
P36979,P71238
P0A7J7,P10408
P0AEP7,P14294
P0A7D7,P30015
P25522,P10408
P0ABP6,P0ACD4
P63386,P0A7K2
P0A809,P0A812
P77561,P0ACE7
P0A7R1,P0ADZ0
P30139,P0ACA3
P0AES6,P0A8H8
P76458,P0A7A9
P0A968,P0A972
P0A9P6,P0AA10
P68679,P0ABH9
P0A7R1,P0A776
P16528,P0A7L3
P0A705,P00579
P0AG24,P60422
P0ABB4,P15038
P37188,P0A7E9
P0A8N5,P09373
P0A7A7,P0A7V3
P0AEC5,P0ABH9
P0AFZ3,P0ABH9
P05055,P37765
P0AAS7,P37765
P30750,P0AES6
P0A8N3,P09377
P0A8E5,P68679
P0A7L0,P10443
P0ACN4,P0AG59
P0A7T3,P00960
P0ACF0,P0ACN4
P30871,P0AEM9
P0AAH0,P0A817
P0AGJ5,P0A776
P0AF90,P0A6G7
P0ACF0,P0A8F8
P0A7R5,P03004
P0A7N9,P0ABH9
P20083,P0ACY9
P15770,P31064
P29745,P07004
P77031,P20083
P14081,P02358
P75829,P0AG67
P76104,P0AG67
P0AGJ5,P60422
P75829,P0A7J3
P0A7L0,P0A972
P0A6M4,P0A8H6
P63284,P0A6L9
P0A698,P0AFF6
P0ABH0,P29131
P08622,P0A9M8
P15005,P0A6Z3
P02358,P0A6X3
P69423,P26648
P08622,P76594
P31806,P63177
P37127,P14900
P0AEM0,P0A6S3
P17952,P39263
P14294,P15043
P21499,P0A9Y6
P75864,P0A9Y6
P0AGE0,P0ACF8
P0ABT2,P0A7W7
P08622,P21507
P0A8I5,P21507
P69924,P16917
P00956,P0ACN4
P10408,P0ACF8
P0A7Y8,P0ADY7
P0ABM9,P75767
P77756,P76417
P14081,P0A6X3
Q46802,P0CE48
P0A968,P0A7K6
P54745,P0ACA3
P00490,P0ACF4
P76551,P39286
P0A7Z4,P24255
P0A722,P06972
P0A7R1,P00490
P61949,P0AB71
P39344,P75767
P02413,P0A8E5
P0A8J8,P21513
P0A9W0,P0A7U3
P75683,P0ACG8
P36979,P02942
P08622,P75829
P0AG44,P0A847
P0ACF0,P03004
P24182,P16703
P0A6X3,P0A7L3
P58034,P0AD68
P42641,P0A7C6
P0A7L0,P0AGD7
P27305,P0AE34
P0AF67,P25665
P76346,P50456
P0A7G6,P33596
P0C018,P0ADK8
P75829,P60422
P0A8E5,P0A9A9
P60723,P39286
P0A6M8,P18843
P67910,P0A8C1
P0AG67,P0A6Q6
P0A7S9,P00960
P03018,P04825
P15082,P76064
P15977,P0ACF0
P60723,P0ACB0
P07395,Q46841
P60624,P08622
P0A7K2,P10443
P00490,P06612
P0AEC8,P0AD01
P0A7M2,P0A9P6
P0AFB1,P0A8N5
P30871,P0A910
P0A7V8,P0A8Z3
P0ADZ0,P0A7K6
P39264,P0ACB0
P0ABC3,P0AAI3
P24188,P52129
P25539,P0ACK2
P30137,P0A7E9
P0A894,P0A9Y6
P23839,P0A8M3
P0A7Y4,P15043
P20083,P31448
P0AFG0,P0A7R5
P0AAH0,P0A6H1
P0AES4,P0AG30
P23830,P0AG59
P09373,P0C054
P69407,Q46811
P0A7M2,P30871
P32705,P0A7A9
P60624,P21507
P27298,P42641
P0A7Z4,P0AG67
P0ADH5,P0A7W7
P0AGJ9,P0AFG6
P31142,P0A8A0
P0AFG3,P0AFG6
P0AG24,P0AA10
P0A9I5,P0A6F5
P05055,P60422
P0A8N3,P37440
P37649,P77319
P15038,P33195
P0A7L8,P0A9P6
P0A8E5,P0A8T7
P0A707,P0A7K6
P0AAS7,P0ACF4
P0A7S9,P0A6A8
P0A6P9,P05055
P0A715,P0A7L0
P27305,P52143
P00960,P0AG48
P0ADQ2,P69910
P0A8E5,P0AFG0
P0A8A2,P00452
P0A8G0,P0A7K6
P30750,P0A9F1
P77756,P0A9I5
P0AEG4,P0AB74
P0ABF6,P0A9R7
P0ACF0,P0A8T7
P0A8V2,P0AG59
P0A8R0,P21513
P77804,P0AFP2
P0A707,P21499
P0A7V8,P76316
P0AAR3,P0A7K2
P00956,P19930
P29745,P0A6M8
P42912,P0A6G7
P0AGK4,P0AG30
P0ABQ4,P39401
P0A7S9,P05055
P39336,P0A9M0
P0AED9,P25522
P0A7M2,P76578
P0A7W1,P0A7V3
P36979,P0A7L3
P39293,P36659
P0A7S9,P21499
P0A8D0,P0A7R5
P0A7L0,P0A7Y8
P0ACF0,P0A7Y8
P0A7S9,P0ACN4
P69405,P0A9H3
P31119,P0A6A8
P76104,P0AG30
P0AAS7,P0A7N9
P0A7K2,P23003
P0AGJ5,P0A7S3
P76037,P60785
P0A7V8,P0A7A7
P0A705,P36979
P60785,P64423
P37351,P0A7N9
P0A9Y6,P60422
P0A7R5,P0ABH9
P0C054,P0A6P9
P0A7Y8,P0A7R5
P68739,P0ACF0
P0A6V1,P75767
P0A8T1,P69407
P0A894,P0A6A8
P0A8G0,P0A7V3
P0AG44,P05055
P0A8L7,P0A7R5
P0A972,P0A986
P09424,P21893
P0A8G0,P07001
P0AGB3,P0A7K2
P0A8T7,P0A9B2
P0ADQ2,P0A6A8
P0A7D7,P31663
P75750,P0A7A9
P33915,P69931
P0AGE0,P10408
P0A6X3,P43329
P0A7R1,P0AEM0
P15723,P03018
P0C0R7,P0ABH9
P0A7N9,P63177
P0A6Q3,P0ACF0
P02358,P16528
P0A7E9,P0AG48
P60723,P21893
P21513,P0A7V8
P0A832,P0A847
P42593,P19318
P0A715,P22188
P76104,P0A7K6
P0A8G0,P76128
P0A707,P0A9J0
P0A7K2,P52126
P28635,P0A754
P06134,P00579
P0AC55,P0A9Z1
P0A9P6,P0AG67
P23256,P06993
P0AC28,P43671
P0A7M2,P15043
P0A850,P0ACF8
P0ADZ0,P0A7J7
P0AC75,P22188
P0AG55,P0A776
P0AGJ5,P0A8G0
P0A9X4,P0A6F9
P0AAS7,P0C018
P0A9I5,P0A8E7
P23830,P0AG48
P0AFZ7,P17169
P0ACC7,P0A6A8
P0AEG4,P0CF66
P0ADZ0,P52126
P0A9Q5,P24182
P0A9H9,P07363-2
P07363,P0A9H9
P0A8T1,P60752
P0A8L1,P0AF82
P17846,P75863
P0AGJ5,P0A7V3
P0A9W0,P08622
P0ABB4,P0ABB0
P0A968,P75864
P0A7M2,P0A850
P0AE67,P06974
P0ACD4,P75961
P0A717,P0A6F5
P0ABB4,P08622
P0AFF6,P0A8T7
P0ACF0,P05055
P21507,P0CE48
P45527,P0A6F5
P0AF67,P0AG67
P0A8N5,P0A858
P33916,P10443
P61949,P0AG03
P0C054,P0ABH9
P60624,P0A847
P0A707,P36979
P0A9X4,P0AG30
P0A7D7,P0A850
P0AAH0,P0A6F5
P0AEZ7,P0ACE7
P0A7Z4,P0A7R5
P0AG55,P0A7Y8
P00579,P0AG30
P76086,P0A7L3
P0AE18,P0ACT6
P32135,P0AAZ4
P0A8E5,P0AEH5
P24192,P0CE48
P62399,P0A9Y6
P0A7K6,P63177
P21507,P60422
P37349,P76072
P0A707,P0AG67
P45579,P32099
P0A7V8,P0A9Y6
P0ADZ0,P0AG55
P0A7K2,P0ABH9
P0ADZ0,P0AA10
P0A6G7,P76396
P0A7R9,P0A9P6
P0A707,P02359
P71229,P0A7I0
P0A8E5,P0ADY7
P02358,P0AFG0
P36979,P0CE48
P77338,P0AFG0
P23869,P11553
P0AAH0,P75954
P0A6Z3,P0AG80
P0A8J8,P0A6P9
P39199,P33916
P77554,P75849
P0AG44,P0A7Y8
P0A7Y8,P0A7V8
P0A6G7,P0A6F5
P0A850,P02359
P08622,P0ABH9
P36979,P0A858
P23830,P0A7Y8
P14294,P46133
P0ADZ0,P0A9P6
P0A968,P0AA10
P0A7L0,P36659
P0A968,P24177
P0A7B3,P0AG24
P63386,P0ACE0
P0A6F5,P0A7D1
P0AGJ5,P75864
P0A8G0,P0ADZ4
P06612,P60422
P0A7Y8,P75946
P0A7R1,P05055
P0A6Q6,P0AGD7
P76518,P75767
P0AE88,P0A9B2
P0A6Z3,P76236
P0A800,P06612
P68919,P37765
P0A722,P77781
P14081,P21507
P21513,P23003
P33937,P07024
P0A6F3,P69783
P08722,P11989
P0A9X4,P0AES4
P0ADZ0,P36979
P0A8B5,P0A9P6
P0AFZ3,P60723
P15042,P07813
P22523,P0CE48
P0AGE0,P0ABS8
P60785,P0AEW1
P0A8E5,P0A7R5
P0A7U7,P0A776
P23830,P0AG67
P0ADH5,P0A7K6
P36979,P0A7G6
P77173,P0A9A6
P0A6H1,P0ABH9
P36659,P0AG67
P0AC78,P07012
P0AGE0,P14294
P0A707,P77499
P27862,P06612
P0A7T3,P0A7E9
P0A968,P0A9P6
P08373,P42593
P08550,P25539
P0A9Y6,P37765
P0ACC7,P0A972
P21599,P52052
P0AGK4,P0ABH9
P0A707,P0A7R5
P0ACB0,P10121
P36979,P0AG59
P0A8E5,P0A7Z4
P03007,P10443
P63284,P36659
P0A7Y8,P0AG30
P0AE67,P0A9H9
P0A7T3,P0A7Z4
P36995,P0A7K2
P60723,P10408
P36662,P33225
P14294,P0AG59
P0AGJ5,P43329
P07004,P16659
P60723,P60422
P36995,P0A9X9
P14081,P0A7K6
P0A6F5,P0A817
P27305,P46474
P0ACF0,P37765
P77774,P0A940
P07395,P76237
P76440,P0AC28
P0A7V8,P33224
P0A7R1,P0A847
P02358,P0A7Z4
P0A6F5,P76010
P0A7R1,P0AG24
P60624,P21513
P0ADY7,P03004
P0A9X4,P0A8J4
P0A7N9,P39286
P0A761,P76316
P02413,P75829
P0A6F5,P0ACA3
P77504,P0A6F9
P76104,P0A7K2
P0A7U7,P21499
P0A7M2,P33224
P0AGJ5,P21645
P0A6X3,P0A847
P00490,P0A8T7
P21513,P0CE48
P14081,P0A9M8
P0A9X4,P22333
P0A858,P10443
P15070,P06974
P0A7L0,P0A6Q6
P0A6A0,P0A8E5
P0A7A9,P0AG86
P0A9X4,P39177
P36979,P0A9P6
P0A7N9,P06612
P30871,P0A6X3
P0A7N9,P75829
P0A7L0,P0A847
P68739,P60723
Q47149,P0AEV9
P0AFG0,P60723
P09377,P00579
P0AED9,P0AG48
P25889,P76440
P68679,P63177
P60560,P15034
P25888,P0A9Y6
P0A8V2,P38684
P11880,P0AFI2
P0A715,P0ACF0
P0A9H7,P0AAH0
P0A8T1,P33924
P23869,P0AAI3
P76217,P06722
P0AG11,P0A7G6
P0AF26,P19318
P0A7U3,P33224
P30871,P0ABH9
P0AEM0,P0AFD6
P07395,P30958
P11989,P0AC13
P0A9F6,P0A9I3
P0A7K2,P0AAI3
P0A705,P0C054
P00579,P0A8M6
P0A991,P08622
P0A8N5,P0AD33
P21893,P0A7Y4
P0A978,P36995
P0A8E5,P0A7S3
P0A7Y8,P0A7K6
P0A850,P0A7A9
P09373,P0AC53
P0A6P9,P0A9J0
P11989,P76197
P0A8P8,P22523
P14294,P0A7V3
P0A8V2,P03018
P06993,P0C058
P36979,P33599
P37765,P33224
P21513,P0A7R5
P0A9X4,P68187
P0A8Z3,P60422
P0AGJ5,P0ADK8
P06709,P13033
P0AAS7,P0A6P9
P0A7T3,P0A972
P0ABB4,P0C054
P0A7T3,P0AFG0
P02413,P0AG24
P17334,P0ABZ6
P03004,P0A7V3
P0A8J8,P0A7L0
P0AC33,P0ACB0
P0AEG4,P25522
P0AFG0,P0AG30
P0AGG4,P0AEE5
P0ABB8,P69407
P0A850,P39199
P0ABT2,P0A9K9
P0ACF4,P0A9P6
P0AEU7,P0A890
P0A8L1,P0ACA3
P0ABV2,P0ABU7
P15038,P60723
P60624,P0ADZ0
P0A7K2,P0A847
P0A7R9,P21499
P0A7M2,P0A8G0
P0A7U7,P0A9Y6
P0A6X3,P0AA10
P02413,P03004
P0AES6,P30745
P08622,P36979
P0A968,P21499
P0AEG4,P0AEG6
P0A7Y8,P0A7X3
P60716,P0AFG3
P77756,P0A7R5
P28638,P0A6F5
P0ACD4,P24207
P36979,P21507
P14294,P0AA10
P20083,P07012
P37095,P0A6R0
P0A8V2,P06612
P37653,P0A847
P0A7R1,P0A8J8
P21645,P36659
P52600,P08373
P0A7V8,P0AGD7
P21645,P0A7V8
P0A8D0,P76578
P0A7M2,P33937
P0A6X3,P36995
P0A8V2,P60240
P62617,P67910
P08957,P08956
P69407,P0A7V3
P20083,P76015
P0A776,P60422
P0AA04,P69783
P14081,P0AG30
P0AAH8,P25522
P0A7T7,P0A9P6
P02358,P08622
P65556,P31663
P0AFZ5,P0A9A6
P00582,P0A7Z4
P60723,P50465
P02358,P0A8V2
P0ACF0,P0AEM0
P09546,P0A9Y6
P45543,P0AG07
P0AEG4,P0A830
P0A786,P0A7F3
P39199,P76114
P21499,P0A7L3
P60906,P0AEU7
P25745,P10408
P0A7S9,P0A707
P77215,P75767
P0AC55,P0A8G0
P0A6P9,P0AG07
P67910,P0ABU0
P0A7R1,P0AGJ5
P0AEJ4,P0AA16
P75829,P0AA10
P0A9P6,P0A7V3
P0A707,P0A7U3
P0ADZ0,P0A7M6
P0A7X3,P0A7Y4
P0A715,P0A7K2
P33371,P24230
P0A7L8,P0ABH9
P0A7T3,P37765
P0A9X4,P10408
P0AAS7,P0A7Z4
P50465,P0ACF4
P0A9Z1,P0A850
P18196,P0A9A6
P0A7T3,P14294
P60624,P16528
P0AEG4,P75883
P0AES4,P0ABH9
P04951,P0AD01
P69405,P22333
P0A955,P0AEM0
P11880,P09832
P77400,P0ACA3
P0A7Y8,P0A9P6
P0A800,P42590
P62556,P62558
P0AED0,P0C054
P21507,P37765
P0A715,P0AES4
P0ADZ0,P23830
P0A7Z4,P0A8T7
P0A6X3,P0AG48
P0A7Y8,P0A7B1
P68739,P0A809
P69425,P69428
P36979,P76104
P60723,P0A7A9
P60723,P0A847
P0C054,P63264
P43329,P0A7V3
P0A7Y8,P0A7L3
P67910,P0A7K6
P0AFG0,P0A8T7
P0A715,P0A7X3
P36979,P63284
P0ADZ0,P0A7L0
P02943,P0AG86
P36979,P10408
P06136,P0A6S5
P0ACF0,P0A7Z4
P0A7V8,P50465
P0ADC1,P31554
P0A8E5,P0ACJ8
P0A9X4,P0A6M8
P0A8G0,P0AG59
P0A9J6,P36659
P02413,P76086
P0A6X3,P0AG67
P0A7M2,P22523
P0AAS7,P21507
P02358,P36979
P0ABL8,P21645
P0A7U7,P0A7Y4
P37351,P0A7J3
P69811,P25539
P0A9X1,P60723
P0A6Q3,P0AG67
P0AA10,P33224
Q46839,P0AG07
P0A6A8,P10408
P0A7S3,P0A847
P0A6P9,P0A8M3
P0ABV6,P19934
P33366,P17169
P36979,P0ACE7
P60723,P21507
P0A9X4,P0A7G6
P0AGE0,P0A7N9
P36979,P0A7M6
P0A7R1,P63177
P08839,P15038
P36979,P0A817
P0A7L3,P0A776
P0C054,P25531
P0ADZ4,P05055
P0ACF4,P0A9Y6
P0AG67,P0AG24
P0A7Z4,P0A7K2
P68739,P0A7T7
P0A6K1,P0A776
P14081,P60723
P0ADZ0,P62399
P0A8E5,P33602
P32704,P07012
P32173,P32125
P0A8N3,P77399
P10121,P0AGD7
P0A8G0,P07021
P02413,P21499
P0AFP2,P0ACH5
P0A7R1,P36979
P0AAS7,P23830
P0AEG4,P0ACE0
P61949,P62620
P0A6W5,P0A7Z4
P0A8Q6,P0ABH9
P0A9Q5,P0A9Y6
P07024,P0A9R7
P0AG48,P37765
P77329,P0A6F5
P0A7K6,P76503
P0A707,P0ADZ4
P0A7Z4,P0A7K6
P68187,P02916
P0A7Z4,P68679
P23482,P17443
P0A8V2,P60723
P62615,P17169
P0A715,P75683
P0ADQ2,P0A9B2
P21599,P09373
P24193,P24192
P0A7V8,P0A7W1
P05055,P0A7V3
P0A6Q3,P0AGD7
P0A7M2,P76086
P0A7S9,P0AA43
P0AG48,P0A776
P0A9X4,P0AFI2
P55140,P0A9X9
P60723,P0A9P6
P0ABT2,P02358
P60293,P22523
P18196,P0AEZ3
P76594,P0A7R5
P0A7R1,P0A9Y6
P0AF90,P0A9X4
P0AG24,P0A7V3
P52005,P0A746
P22523,P0A7K2
P0A9W0,P76578
P0A832,P0AEU7
P0C054,P22333
P09373,P68066
P03018,P0ACK2
P0A8N5,P0ACA3
P0AAS7,P02358
P60723,P00579
P37339,P0A9L5
P0A6M8,P07639
P0AC55,P69681
P0A847,P60422
P33927,P0ABM9
P0A7U7,P21513
P17952,P0CE48
P0A7R5,P0AG24
P0A800,P77212
P0ABS8,P0AG80
P08401,P03004
P0A9W0,P0AG59
P0ADZ4,P0A9P6
P0AFG0,P0A9X4
P05055,P21507
P0AAS7,P0AG44
P36979,P37765
P76104,P0AB77
P0AAS7,P0A7J7
P60723,P0AAI3
P0AEF8,P0ABE2
P0ADK8,P0A7L3
P21513,P0A6P9
P00960,P0AA10
P37127,P0AFZ3
P0A7R1,P75829
P0AGJ5,P0AG59
P0AEK4,P76573
P24182,P25539
P06612,P37765
P0ABH0,P0A9A6
P76440,P07012
P60624,P0ADH5
P0A6F5,P77475
P08622,P0A7R5
P75864,P0A776
P36979,P0A7K6
P0A7T3,P0A9P6
P0C054,P75794
P0A9W0,P0AG48
P60723,P03004
P08622,P0C054
P10443,P0CE48
P0A8L1,P37652
P27305,P0A7K2
P0A9Y6,P0AA10
P14081,P0A7V3
P69407,P0AA10
P33129,P07813
P0A8V2,P0A890
P0A6M8,P0A7E9
P0AAI3,P0AG48
P02413,P05055
P0AFA2,P0AF28
P0AG24,P0AG59
P27242,P0A7I0
P15977,P0ACF4
P0A7T3,P10443
P06612,P15043
P0A7N9,P0A8V2
P0A9Y6,P0A7V3
P0C054,P0A9A6
P04968,P0ABZ6
P31600,P69931
P0AG55,P21499
P0AAR3,P0ACY1
P21866,P21865
P0A7M2,P0A7Y4
P0A7M2,P50465
P0AES6,P0A9P6
P0AGK4,P0ADK8
P0C018,P63177
P0A7K6,P0A776
P17952,P37669
P0A6X3,P21645
P68679,P0A9J0
P60240,P0A749
P37745,P0A6F5
P0A7K6,P0A9P6
P76245,P0AE18
P60240,P0A800
P28635,P75691
P0ACG8,P13458
P0AFZ7,P0A9L3
P0A7L0,P0A8M3
P0ABH9,P0AA10
P36979,P0A7K2
P0AEM0,P75988
P0C054,P0A9R7
P0A7M2,P0A7Z4
P0A7U3,P0A776
P0A7R1,P21645
P0AAR3,P23524
P0AEM0,P25437
P37765,P37631
P0ADY7,P00960
P08622,P0CG19
P30871,P0A8I5
P03007,P15028
P0AGJ5,P0A7L0
P0AG44,P0A9P6
P0A832,P30745
P0ADM6,P60785
P0ABU0,P0AG59
P0A749,P76387
P45463,P76316
P0A7Y4,P0AG59
P0A7V3,P0A776
P60624,P0A6X3
P0A7K2,P0AFI2
P0A968,P0A7R5
P60723,P0A7V3
P33360,P0A9L5
P0A968,P37765
P0AAS7,P0A7L0
P0A847,P0AG59
P0ADK8,P0AA10
P04995,P21893
P0A6H1,P37759
P0A715,P76539
P24182,P0ABD5
P00582,P0A817
P0ACF4,P0A8F8
P0A6Q3,P0A817
P75826,P0ABH9
P0A8U6,P0AFF6
P0AF67,P63177
P0AFF6,P60422
P15038,P0AG48
P0A6X3,P21499
P76272,P0A7E9
P02358,P0ACN4
P77202,P77704
P0A8E5,P0AA43
P0A8D0,P0AG48
P61316,P0A7K2
P76027,P33916
P0AAR3,P08331
P07012,P60422
P0A8L1,P05100
P41052,P0AEG4
P0A7M2,P0ADZ0
P0A7M2,P0AG24
P30750,P39353
P0A972,P0A7V8
P0A800,P0A8T7
P36995,P0A7R5
P0AGE0,P0A7Y4
P0AGE0,P0AES4
P33371,P0A6D5
P00579,P0A8T7
P03007,P0A7L0
P0AAS7,P60723
P0AD68,P29131
P25522,P61889
P31473,P0A9H3
P08622,P0AG59
P04993,P08394
P0AF67,P0A9B2
P24255,P45464
P14294,P0ACF0
P0AGJ9,P45955
P0AE82,P0AE88
P15288,P60560
P37351,P0A7K2
P62623,P0A6F5
P0CE47,P0A6P1
P0A7R1,P0A799
P03007,P0A7N9
P0ACF0,P0A972
P0A7S3,P0ACN4
P0AFH0,P0A9B2
P08400,P36979
P0AGJ5,P23830
P0A910,P0AG86
P00490,P0AA10
P03018,P0A847
P14081,P08622
P45465,P0AA10
P0A7Y8,P37765
P0AG24,P37765
P0A968,P0A7V3
P0ACF0,P0ACF4
P0A7S9,P0A9W0
P0A6X3,P0AG24
P0A7U7,P37765
P00582,P0ACF4
P0AAS7,P0A7V3
P0ABS8,P10443
P0A972,P60422
P0A7M2,P0ACE0
P0AGK4,P60422
P07363,P07330
P0AEB2,P0A9P6
P0A7U7,P33224
P02358,P0A8J8
P77704,P31456
P0A6F5,P0A7E9
P75829,P0A7V8
P75829,P0A7L3
P0A9Z1,P0AFB5
P0A7U7,P0A8E5
P0A832,P0ACF0
P0A7E9,P0A7G6
P33024,P18133
P0A6F5,P0A7A9
P0AGE0,P25522
P08839,P0AA04
P69931,P03004
P14294,P06612
P02358,P0A9P6
P0A7M6,P75829
P08390,P0A7K2
P0A7K6,P0A8M3
P0ABE2,P0AEI1
P0A968,P60422
P0A7U7,P0A800
P02358,P00579
P21599,P23930
P0A7E9,P0AG67
P0AGJ5,P37765
P0A7M2,P45465
P0A7K6,P00960
P60723,P00960
P0ACD4,P0AC28
P66948,P0A9W0
P0C018,P36979
P03018,Q46812
P10443,P0AA10
P19317,P19319
P0ABH9,P0AG48
P0A9M0,P0AG48
P0A8V2,P00579
P0AGJ5,P0ACF0
P60624,P0A7Y8
P02413,P0A776
P00634,P10408
P0A964,P07017
P0A6X3,P05055
P22523,P0A9A6
P0A9W0,P0AA10
P0AGE0,P21893
P21499,P0A776
P0A9P6,P0AG24
P23367,P0AG67
P60723,P0AG24
P0A715,P0A7K6
P77733,P0A8N5
P11880,P0ABG7
P75829,P62399
P0AAH0,P0AEI1
P25553,P43672
P0A7E9,P0A7R5
P0A8E5,P60240
P0A7L0,P37765
P36979,P0AG48
P68066,P0A858
P21499,P37765
P0A7D7,P0ACZ4
P36979,P69407
P0A6X3,P0A7K6
P69913,P15038
P0A8G0,P60723
P09424,P77504
P02358,P0A776
P0A7S9,P03004
P0A812,P63284
P0AGE0,P60422
P0ACB0,P77732
P0A7U3,P0A7Z4
P0A9P6,P60422
P04951,P0AFU2
P0A8S1,P0A6F5
P33371,P0ABE9
P0A7U7,P0A9J0
P60624,P05055
P21513,P0A7J7
P23837,P23836
P0ACE0,P0A7K2
P77689,P77499
P36979,P62399
P0A705,P15038
P0A6X3,P0A9J0
P10441,P33226
P18196,P00946
P0C054,P05055
P0ADZ0,P39286
P00582,P0A6R3
P15877,P0AFQ7
P03007,P0AB98
P03007,P0A7K2
P0AGE0,P04995
P17443,P22188
P10443,P0AG48
P39346,P37774
P0AGB3,P08622
P0A8V2,P60422
P21499,P68679
P0A707,P0A7V3
P0A8N5,P0ABK5
P0A707,P0A7T3
P60723,P0A7V8
P75990,P0A6F5
P0A7U7,P0A7Y8
P0A7S9,P16528
P0A7W7,P0AG24
P39286,P77562
P0AF26,P0A7K2
P0ACF4,P0A9X9
P75829,P0AG48
P0A7T3,P0A8J8
P09424,P76119
P0A7U7,P0A8I5
P0A9P6,P0A7R5
P0A7R1,P36659
P45527,P0A9M0
P02919,P0AB38
P60293,P22524
P0AGJ5,P21513
P08365,P0A9M8
P0A978,P37326
P0A722,P0AAI3
P0A7L0,P75829
P0A8I5,P62399
P0A800,P0A7K2
P0ABD5,P0A6A8
P0A9U1,P75767
P14081,P76104
P02413,P0A7Y8
P0AFZ3,P0AG30
P08394,P07648
P0AGJ5,P77499
P0A9I5,P33937
P02358,P0A6A8
P0A8N3,P11868
P0AG55,P63177
P0A707,P0AG48
P0A9J0,P0AG07
P0A8E5,P0ADY3
P0A7U7,P0AG24
P0ADZ0,P0A7K2
P06709,P0AG59
P14081,P0AA10
P14081,P60422
P0AGG4,P0AC86
P0A707,P0AG59
P0A9X4,P0CE48
P0A6K3,P08390
P19317,P19318
P0ADZ0,P60422
P0A968,P0AC38
P00490,P05055
P19318,P04825
P03004,P76193
P0A968,P0AG59
P69924,P00452
P23485,P13036
P39286,P0A9B2
P0ACG1,P0ACF8
P00452,P76558
P60723,P07813
P0AE88,P0AG86
P37195,P0A6F5
P0ACE3,P0ACF8
P08622,P0A9P6
P0A6F5,P77395
P0A7T7,P0A776
P0ACF0,P0A9K9
P0A6R3,P0A7Z4
P0AAI5,P0A6A8
P0A7S9,P0A6Q3
P21645,P0ADY7
P15038,P60716
P23482,P37052
P10026,P09130
P06136,P29131
P0AGK4,P0AA10
P0AGA2,P06136
P0A7K2,P07012
P77399,P76503
P0A978,P0A9X9
P0A7L0,P21507
Q46906,P0AAZ0
P32099,P0AEJ2
P0A7K6,P0ADK8
P45751,P14900
P30844,P0A7I0
P0A707,P0A7L3
P0A8N3,P0A794
P07004,P0A823
P0A8N3,P36979
P0A9X4,P0A6F5
P60624,P03004
P0A832,P0A7M2
P69407,P37007
P63386,P0A6F5
P24205,P0C054
P0ACA3,P0AAD4
P0ABQ4,P16659
P0C0R7,P0A7L0
P0A832,P0AFI2
P0A776,P37765
P76086,P0AA10
P23830,P75864
P0A7D7,P60560
P0A6X3,P60723
P0A9I5,P0A9M8
P60624,P37765
P0A850,P0A6X3
P05055,P0A799
P0AAZ4,P0AAE8
P30745,P0AG48
P68739,P00490
P39359,P0ACE7
P28635,P77808
P0AF90,P0AEK4
P0ADY1,P23830
P10378,P33371
P0A7L0,P0ADK8
P76316,P0A7V3
P21645,P60422
P0A7I4,P0A847
P0A8I5,P60422
P0A972,P0AG67
Q46925,P21645
P0ADY3,P0A776
P0A9V8,P0AAT6
P0A6F5,P0A8Y5
P46482,P0ADW6
P0A7R1,P0A9P6
P07363,P07017
P0A7S9,P0A9J0
P0AEM0,P77409
P0A8L7,P0AG44
P09373,P0A858
P23830,P68679
P60624,P0A776
P0A7S9,P0A8I5
P0AEG4,P0AEM6
P0A7S9,P0AEM0
P23839,P31462
P0AD68,P0AEN4
P76091,P76558
P0AGE0,P10443
P60624,P0AEU7
P0A725,P0A7E9
P19934,P02931
P68679,P37765
P0A698,P0A8F8
P0AF67,P69910
P21499,P0AG48
P0A7K6,P37765
P60723,P0A7Z4
P15082,P0AEJ2
P0AG96,P10408
P14294,P0AF52
P05824,P0A9Y6
P0AAS7,P0AG55
P0ADY3,P0A7Y8
P0A6X3,P0ACF0
P14081,P0A7V8
P60785,P75830
P0A8E5,P0A7V3
P0CE48,P10408
P25539,P0AB55
P0ADZ0,P0AB83
P0A8E5,P0A8V2
P0ACF0,P0A7Y4
P77376,P0AFP2
P0A991,P77395
P0A7K2,P10408
P0A7U7,P05055
P0A7V8,P21499
P36979,P37634
P0A6X3,P0A9Y6
P0A6X3,P10408
P0A6F5,P50465
P0AAR3,P0A7R5
P0A8V2,P25539
P0ACD4,P0A6L9
P0AGJ5,P0AEB2
P09184,P23367
P0A8N5,P0A9Q7
P69503,P0A6J8
P0A991,P42641
P39830,P39286
P21599,P19642
P60624,P0ACF8
P0A7L0,P75864
P21513,P60422
P0A7M2,P36979
P62399,P05055
P0AFG0,P60240
P0A8G0,P0ACF0
P0A9W0,P77802
P0A7U3,P0A9J0
P0AEZ3,P0A734
P0AFW4,P21645
P0ADK8,P0AG59
P77522,P77499
P23830,P21499
P75728,P0ADQ2
P16431,P0AAM3
P0A6X3,P37765
P22524,P22523
P05055,P0AG48
P0ADK8,P37765
P37765,P60422
P42641,P33643
P0ABT2,P0ADK8
P0A715,P32139
P20083,P60723
P33232,P67910
P0ACF0,P75829
P13029,P0A7A9
P0A7T7,P0A6X3
P02358,P21499
P08622,P0A7G6
P0A7U7,P0A8V2
P77402,P68066
P0ADG7,P0A6W5
P00579,P0AFF6
P0A7S9,P0A8G0
P23485,P23484
P0AF67,P0A6F5
P0ADZ0,P0AG48
P30750,P37640
P60723,P21499
P0A6A8,P33224
P0A7K2,P0A9X9
P03018,P0AAF3
P0ADE8,P08390
P0ACF4,P0AEU7
P75864,P0A847
P0AFG0,P0A7V3
P22523,P0A7R5
P0AGJ5,P0A7U3
P00490,P0A7K6
P0A8M3,P0AG07
P0A7Z4,P0AA10
P0A8N3,P0AFP2
P0A8J8,P0A7K6
P0A8H6,P60422
P0AFG8,P0A6F5
P75936,P62617
P0AF67,P0ADQ2
P0AC33,P08142
P64588,P0A8E5
P77689,P77522
P29745,P09373
P0A7K2,P00579
P36938,P37666
P60624,P21499
P61316,P0AA10
P0AAZ4,P0AFK6
P0AA43,P0A8R7
P00561,P0ACB0
P15038,P0CE48
P0A6C1,P33371
P68739,P0ACF8
P68739,P0A8F8
P0A7M2,P69797
P0A7L0,P0A7Z4
P0A6B7,P0A9R4
P0A7Y8,P60723
P21645,P0AC38
P50465,P0AG48
P0A6G7,P67910
P0A707,P0A7W7
Q46877,P10408
P0ABT2,P0A8Q6
P0A6H1,P0AE08
P00946,P76161
P0AF90,P0A7A9
P60624,P36979
P06974,P0ABZ1
P39286,P0A8A4
P0AAS7,P0AGJ5
P0A6G7,P03819
P0A7S9,P68739
P0ABD8,P24182
P25742,P0AFI2
P0A9W0,P76594
P0AFZ3,P0AEH5
P0AAS7,P0A8J8
P0A8E5,P0A800
P36995,P64574
P0A7R1,P0A8I5
P0ADZ0,P21507
P06971,P02929
P61517,P0CE48
P0C093,P0A9A6
P0A9M8,P0CE48
P00944,P0CE48
P0A9A6,P0ADS2
P06129,P02929
P0AES4,P0CE48
P0CE48,P0A817
P05825,P02929
P0ACB0,P0CE48
P02920,P69783
P0A877,P0A879
P0ABG4,P06136
P76632,Q46898
P60438,P0A7K6
P75862,P0A9A6
P0ABH9,P0CE48
P76632,Q46901
P0C0R7,P0CE48
P0AEC5,P0AED5
P0A7L3,P0AA10
P69407,P0CE48
P0ADZ0,P0A7P5
P0AAH0,P0CE48
P0AC02,P0A937
P0A6X3,P0CE48
P0A8I3,P0CE48
P0ABB4,P0ABA0
P0ABA0,P0AB98
P0A8V2,P0CE48
P0A7J3,P0A7J7
P0A7N9,P0A7L0
P37009,P0CE48
P0ADV9,P0ADV1
P0AG30,P0CE48
P08622,P0CE48
P0A9W0,P0CE48
P0AG55,P0A7K2
P30750,P31547
P69776,P02929
P76632,Q46899
P68919,P0A7K6
P0A7R1,P0A7M2
P0ADY3,P0A7K6
P0A7K2,P0A7J7
P0ABU7,P02929
P0AG48,P0AA10
P0A7M2,P60422
P0A910,P10408
P0ABV2,P02929
P0A7T7,P0A7K2
P0C054,P21517
P20083,P0AFI2
P0A8J4,P0CE48
P0A7V0,P0A7K2
P0A7W7,P0A7W1
P0AC02,P0A940
P0AES6,P0CE48
P02921,P36979
P68699,P0AB98
P0A7K2,P02359
P0A7K2,P60422
P0AEJ4,P42615
P24181,P0CE48
P0A7N4,P0AG44
P0A6L9,P0CE48
P0A8Y5,P0CE48
P76632,Q46897
P0AGE0,P0CE48
P77552,P0CE48
P0CE48,P0AGD7
P0A7L3,P0AG48
P0A7V0,P0A6F5
P0ADY7,P0A7L8
P69488,P0CE48
P00960,P0CE48
P0A7K2,P0AG59
P62399,P0A7K2
P0ACF0,P03024
P0A7R1,P60422
P0AG55,P62399
P07118,P0CE48
P0C018,P0A7K6
P39177,P0CE48
P24255,P0A8T7
P66817,P03004
P76399,P76398
